Top-N,Correct Bytes,Complexity Partial Key (Base),Complexity Partial Key (Exponent),Bytes to Guess,Complexity Remaining Key (Base),Complexity Remaining Key (Exponent),Total Complexity,Total Complexity (Exponent of base 2),Complexity Bruteforce (Base),Complexity Bruteforce (Exponent),Source,Nm,File Name,Directory Name,Path Summary
100,16,100,16,0,2,0,0.0,106.3016990363956,2,128,best_attack/data/attack_byte_correlation/df/300/statistical_results.csv,300,statistical_results.csv,300,SubBytesOutput-Byte-Corr-Nm300-Weight
30,13,30,13,3,2,24,0.0,87.78957774291075,2,128,attack_SubBytes/data/attack_byte_correlation/df/300/statistical_results.csv,300,statistical_results.csv,300,SubBytesInput-Byte-Corr-Nm300-Weight
50,13,50,13,3,2,24,0.0,97.37013046707142,2,128,attack_SubBytes/data/attack_byte_correlation/df/300/statistical_results.csv,300,statistical_results.csv,300,SubBytesInput-Byte-Corr-Nm300-Weight
100,15,100,15,1,2,8,0.0,107.65784284662088,2,128,attack_SubBytes/data/attack_byte_correlation/df/300/statistical_results.csv,300,statistical_results.csv,300,SubBytesInput-Byte-Corr-Nm300-Weight
1,16,1,16,0,2,0,0.0,0.0,2,128,best_attack/data/attack_byte_correlation/df/300/statistical_results.csv,300,statistical_results.csv,300,SubBytesOutput-Byte-Corr-Nm300-Weight
2,16,2,16,0,2,0,0.0,16.0,2,128,best_attack/data/attack_byte_correlation/df/300/statistical_results.csv,300,statistical_results.csv,300,SubBytesOutput-Byte-Corr-Nm300-Weight
3,16,3,16,0,2,0,0.0,25.359400011538497,2,128,best_attack/data/attack_byte_correlation/df/300/statistical_results.csv,300,statistical_results.csv,300,SubBytesOutput-Byte-Corr-Nm300-Weight
4,16,4,16,0,2,0,0.0,32.0,2,128,best_attack/data/attack_byte_correlation/df/300/statistical_results.csv,300,statistical_results.csv,300,SubBytesOutput-Byte-Corr-Nm300-Weight
5,16,5,16,0,2,0,0.0,37.1508495181978,2,128,best_attack/data/attack_byte_correlation/df/300/statistical_results.csv,300,statistical_results.csv,300,SubBytesOutput-Byte-Corr-Nm300-Weight
10,16,10,16,0,2,0,0.0,53.1508495181978,2,128,best_attack/data/attack_byte_correlation/df/300/statistical_results.csv,300,statistical_results.csv,300,SubBytesOutput-Byte-Corr-Nm300-Weight
20,16,20,16,0,2,0,0.0,69.1508495181978,2,128,best_attack/data/attack_byte_correlation/df/300/statistical_results.csv,300,statistical_results.csv,300,SubBytesOutput-Byte-Corr-Nm300-Weight
25,16,25,16,0,2,0,0.0,74.30169903639559,2,128,best_attack/data/attack_byte_correlation/df/300/statistical_results.csv,300,statistical_results.csv,300,SubBytesOutput-Byte-Corr-Nm300-Weight
30,16,30,16,0,2,0,0.0,78.5102495297363,2,128,best_attack/data/attack_byte_correlation/df/300/statistical_results.csv,300,statistical_results.csv,300,SubBytesOutput-Byte-Corr-Nm300-Weight
50,16,50,16,0,2,0,0.0,90.3016990363956,2,128,best_attack/data/attack_byte_correlation/df/300/statistical_results.csv,300,statistical_results.csv,300,SubBytesOutput-Byte-Corr-Nm300-Weight
50,16,50,16,0,2,0,0.0,90.3016990363956,2,128,best_attack/data/attack_byte_correlation/df/1000/statistical_results.csv,1000,statistical_results.csv,1000,SubBytesOutput-Byte-Corr-Nm1000-Weight
1,4,1,4,12,2,96,0.0,96.0,2,128,attack_SubBytes/data/attack_byte_correlation/df/400/statistical_results.csv,400,statistical_results.csv,400,SubBytesInput-Byte-Corr-Nm400-Weight
2,5,2,5,11,2,88,0.0,93.0,2,128,attack_SubBytes/data/attack_byte_correlation/df/400/statistical_results.csv,400,statistical_results.csv,400,SubBytesInput-Byte-Corr-Nm400-Weight
3,9,3,9,7,2,56,0.0,70.26466250649041,2,128,attack_SubBytes/data/attack_byte_correlation/df/400/statistical_results.csv,400,statistical_results.csv,400,SubBytesInput-Byte-Corr-Nm400-Weight
4,10,4,10,6,2,48,0.0,68.0,2,128,attack_SubBytes/data/attack_byte_correlation/df/400/statistical_results.csv,400,statistical_results.csv,400,SubBytesInput-Byte-Corr-Nm400-Weight
5,10,5,10,6,2,48,0.0,71.21928094887362,2,128,attack_SubBytes/data/attack_byte_correlation/df/400/statistical_results.csv,400,statistical_results.csv,400,SubBytesInput-Byte-Corr-Nm400-Weight
10,12,10,12,4,2,32,0.0,71.86313713864834,2,128,attack_SubBytes/data/attack_byte_correlation/df/400/statistical_results.csv,400,statistical_results.csv,400,SubBytesInput-Byte-Corr-Nm400-Weight
20,12,20,12,4,2,32,0.0,83.86313713864836,2,128,attack_SubBytes/data/attack_byte_correlation/df/400/statistical_results.csv,400,statistical_results.csv,400,SubBytesInput-Byte-Corr-Nm400-Weight
25,13,25,13,3,2,24,0.0,84.37013046707142,2,128,attack_SubBytes/data/attack_byte_correlation/df/400/statistical_results.csv,400,statistical_results.csv,400,SubBytesInput-Byte-Corr-Nm400-Weight
30,14,30,14,2,2,16,0.0,84.69646833851927,2,128,attack_SubBytes/data/attack_byte_correlation/df/400/statistical_results.csv,400,statistical_results.csv,400,SubBytesInput-Byte-Corr-Nm400-Weight
25,12,25,12,4,2,32,0.0,87.7262742772967,2,128,attack_SubBytes/data/attack_byte_correlation/df/300/statistical_results.csv,300,statistical_results.csv,300,SubBytesInput-Byte-Corr-Nm300-Weight
20,11,20,11,5,2,40,0.0,87.54120904376099,2,128,attack_SubBytes/data/attack_byte_correlation/df/300/statistical_results.csv,300,statistical_results.csv,300,SubBytesInput-Byte-Corr-Nm300-Weight
10,10,10,10,6,2,48,0.0,81.21928094887363,2,128,attack_SubBytes/data/attack_byte_correlation/df/300/statistical_results.csv,300,statistical_results.csv,300,SubBytesInput-Byte-Corr-Nm300-Weight
5,8,5,8,8,2,64,0.0,82.5754247590989,2,128,attack_SubBytes/data/attack_byte_correlation/df/300/statistical_results.csv,300,statistical_results.csv,300,SubBytesInput-Byte-Corr-Nm300-Weight
3,6,3,6,10,2,80,0.0,89.50977500432694,2,128,attack_SubBytes/data/attack_byte_correlation/df/200/statistical_results.csv,200,statistical_results.csv,200,SubBytesInput-Byte-Corr-Nm200-Weight
4,6,4,6,10,2,80,0.0,92.0,2,128,attack_SubBytes/data/attack_byte_correlation/df/200/statistical_results.csv,200,statistical_results.csv,200,SubBytesInput-Byte-Corr-Nm200-Weight
5,6,5,6,10,2,80,0.0,93.93156856932416,2,128,attack_SubBytes/data/attack_byte_correlation/df/200/statistical_results.csv,200,statistical_results.csv,200,SubBytesInput-Byte-Corr-Nm200-Weight
10,10,10,10,6,2,48,0.0,81.21928094887363,2,128,attack_SubBytes/data/attack_byte_correlation/df/200/statistical_results.csv,200,statistical_results.csv,200,SubBytesInput-Byte-Corr-Nm200-Weight
20,13,20,13,3,2,24,0.0,80.18506523353571,2,128,attack_SubBytes/data/attack_byte_correlation/df/200/statistical_results.csv,200,statistical_results.csv,200,SubBytesInput-Byte-Corr-Nm200-Weight
25,13,25,13,3,2,24,0.0,84.37013046707142,2,128,attack_SubBytes/data/attack_byte_correlation/df/200/statistical_results.csv,200,statistical_results.csv,200,SubBytesInput-Byte-Corr-Nm200-Weight
30,13,30,13,3,2,24,0.0,87.78957774291075,2,128,attack_SubBytes/data/attack_byte_correlation/df/200/statistical_results.csv,200,statistical_results.csv,200,SubBytesInput-Byte-Corr-Nm200-Weight
50,15,50,15,1,2,8,0.0,92.65784284662088,2,128,attack_SubBytes/data/attack_byte_correlation/df/200/statistical_results.csv,200,statistical_results.csv,200,SubBytesInput-Byte-Corr-Nm200-Weight
100,15,100,15,1,2,8,0.0,107.65784284662088,2,128,attack_SubBytes/data/attack_byte_correlation/df/200/statistical_results.csv,200,statistical_results.csv,200,SubBytesInput-Byte-Corr-Nm200-Weight
1,16,1,16,0,2,0,0.0,0.0,2,128,best_attack/data/attack_byte_correlation/df/200/statistical_results.csv,200,statistical_results.csv,200,SubBytesOutput-Byte-Corr-Nm200-Weight
2,16,2,16,0,2,0,0.0,16.0,2,128,best_attack/data/attack_byte_correlation/df/200/statistical_results.csv,200,statistical_results.csv,200,SubBytesOutput-Byte-Corr-Nm200-Weight
50,14,50,14,2,2,16,0.0,95.01398665684614,2,128,attack_SubBytes/data/attack_byte_correlation/df/400/statistical_results.csv,400,statistical_results.csv,400,SubBytesInput-Byte-Corr-Nm400-Weight
3,16,3,16,0,2,0,0.0,25.359400011538497,2,128,best_attack/data/attack_byte_correlation/df/200/statistical_results.csv,200,statistical_results.csv,200,SubBytesOutput-Byte-Corr-Nm200-Weight
5,16,5,16,0,2,0,0.0,37.1508495181978,2,128,best_attack/data/attack_byte_correlation/df/200/statistical_results.csv,200,statistical_results.csv,200,SubBytesOutput-Byte-Corr-Nm200-Weight
10,16,10,16,0,2,0,0.0,53.1508495181978,2,128,best_attack/data/attack_byte_correlation/df/200/statistical_results.csv,200,statistical_results.csv,200,SubBytesOutput-Byte-Corr-Nm200-Weight
20,16,20,16,0,2,0,0.0,69.1508495181978,2,128,best_attack/data/attack_byte_correlation/df/200/statistical_results.csv,200,statistical_results.csv,200,SubBytesOutput-Byte-Corr-Nm200-Weight
25,16,25,16,0,2,0,0.0,74.30169903639559,2,128,best_attack/data/attack_byte_correlation/df/200/statistical_results.csv,200,statistical_results.csv,200,SubBytesOutput-Byte-Corr-Nm200-Weight
30,16,30,16,0,2,0,0.0,78.5102495297363,2,128,best_attack/data/attack_byte_correlation/df/200/statistical_results.csv,200,statistical_results.csv,200,SubBytesOutput-Byte-Corr-Nm200-Weight
50,16,50,16,0,2,0,0.0,90.3016990363956,2,128,best_attack/data/attack_byte_correlation/df/200/statistical_results.csv,200,statistical_results.csv,200,SubBytesOutput-Byte-Corr-Nm200-Weight
100,16,100,16,0,2,0,0.0,106.3016990363956,2,128,best_attack/data/attack_byte_correlation/df/200/statistical_results.csv,200,statistical_results.csv,200,SubBytesOutput-Byte-Corr-Nm200-Weight
1,2,1,2,14,2,112,0.0,112.0,2,128,attack_SubBytes/data/attack_byte_correlation/df/300/statistical_results.csv,300,statistical_results.csv,300,SubBytesInput-Byte-Corr-Nm300-Weight
2,6,2,6,10,2,80,0.0,86.0,2,128,attack_SubBytes/data/attack_byte_correlation/df/300/statistical_results.csv,300,statistical_results.csv,300,SubBytesInput-Byte-Corr-Nm300-Weight
3,7,3,7,9,2,72,0.0,83.09473750504809,2,128,attack_SubBytes/data/attack_byte_correlation/df/300/statistical_results.csv,300,statistical_results.csv,300,SubBytesInput-Byte-Corr-Nm300-Weight
4,8,4,8,8,2,64,0.0,80.0,2,128,attack_SubBytes/data/attack_byte_correlation/df/300/statistical_results.csv,300,statistical_results.csv,300,SubBytesInput-Byte-Corr-Nm300-Weight
4,16,4,16,0,2,0,0.0,32.0,2,128,best_attack/data/attack_byte_correlation/df/200/statistical_results.csv,200,statistical_results.csv,200,SubBytesOutput-Byte-Corr-Nm200-Weight
2,5,2,5,11,2,88,0.0,93.0,2,128,attack_SubBytes/data/attack_byte_correlation/df/200/statistical_results.csv,200,statistical_results.csv,200,SubBytesInput-Byte-Corr-Nm200-Weight
100,15,100,15,1,2,8,0.0,107.65784284662088,2,128,attack_SubBytes/data/attack_byte_correlation/df/400/statistical_results.csv,400,statistical_results.csv,400,SubBytesInput-Byte-Corr-Nm400-Weight
2,16,2,16,0,2,0,0.0,16.0,2,128,best_attack/data/attack_byte_correlation/df/400/statistical_results.csv,400,statistical_results.csv,400,SubBytesOutput-Byte-Corr-Nm400-Weight
30,16,30,16,0,2,0,0.0,78.5102495297363,2,128,best_attack/data/attack_byte_correlation/df/500/statistical_results.csv,500,statistical_results.csv,500,SubBytesOutput-Byte-Corr-Nm500-Weight
50,16,50,16,0,2,0,0.0,90.3016990363956,2,128,best_attack/data/attack_byte_correlation/df/500/statistical_results.csv,500,statistical_results.csv,500,SubBytesOutput-Byte-Corr-Nm500-Weight
100,16,100,16,0,2,0,0.0,106.3016990363956,2,128,best_attack/data/attack_byte_correlation/df/500/statistical_results.csv,500,statistical_results.csv,500,SubBytesOutput-Byte-Corr-Nm500-Weight
1,4,1,4,12,2,96,0.0,96.0,2,128,attack_SubBytes/data/attack_byte_correlation/df/1000/statistical_results.csv,1000,statistical_results.csv,1000,SubBytesInput-Byte-Corr-Nm1000-Weight
2,9,2,9,7,2,56,0.0,65.0,2,128,attack_SubBytes/data/attack_byte_correlation/df/1000/statistical_results.csv,1000,statistical_results.csv,1000,SubBytesInput-Byte-Corr-Nm1000-Weight
3,10,3,10,6,2,48,0.0,63.84962500721156,2,128,attack_SubBytes/data/attack_byte_correlation/df/1000/statistical_results.csv,1000,statistical_results.csv,1000,SubBytesInput-Byte-Corr-Nm1000-Weight
4,12,4,12,4,2,32,0.0,56.0,2,128,attack_SubBytes/data/attack_byte_correlation/df/1000/statistical_results.csv,1000,statistical_results.csv,1000,SubBytesInput-Byte-Corr-Nm1000-Weight
5,12,5,12,4,2,32,0.0,59.86313713864835,2,128,attack_SubBytes/data/attack_byte_correlation/df/1000/statistical_results.csv,1000,statistical_results.csv,1000,SubBytesInput-Byte-Corr-Nm1000-Weight
10,14,10,14,2,2,16,0.0,62.50699332842307,2,128,attack_SubBytes/data/attack_byte_correlation/df/1000/statistical_results.csv,1000,statistical_results.csv,1000,SubBytesInput-Byte-Corr-Nm1000-Weight
20,15,20,15,1,2,8,0.0,72.82892142331043,2,128,attack_SubBytes/data/attack_byte_correlation/df/1000/statistical_results.csv,1000,statistical_results.csv,1000,SubBytesInput-Byte-Corr-Nm1000-Weight
25,16,25,16,0,2,0,0.0,74.30169903639559,2,128,attack_SubBytes/data/attack_byte_correlation/df/1000/statistical_results.csv,1000,statistical_results.csv,1000,SubBytesInput-Byte-Corr-Nm1000-Weight
30,16,30,16,0,2,0,0.0,78.5102495297363,2,128,attack_SubBytes/data/attack_byte_correlation/df/1000/statistical_results.csv,1000,statistical_results.csv,1000,SubBytesInput-Byte-Corr-Nm1000-Weight
50,16,50,16,0,2,0,0.0,90.3016990363956,2,128,attack_SubBytes/data/attack_byte_correlation/df/1000/statistical_results.csv,1000,statistical_results.csv,1000,SubBytesInput-Byte-Corr-Nm1000-Weight
100,16,100,16,0,2,0,0.0,106.3016990363956,2,128,attack_SubBytes/data/attack_byte_correlation/df/1000/statistical_results.csv,1000,statistical_results.csv,1000,SubBytesInput-Byte-Corr-Nm1000-Weight
1,16,1,16,0,2,0,0.0,0.0,2,128,best_attack/data/attack_byte_correlation/df/1000/statistical_results.csv,1000,statistical_results.csv,1000,SubBytesOutput-Byte-Corr-Nm1000-Weight
2,16,2,16,0,2,0,0.0,16.0,2,128,best_attack/data/attack_byte_correlation/df/1000/statistical_results.csv,1000,statistical_results.csv,1000,SubBytesOutput-Byte-Corr-Nm1000-Weight
3,16,3,16,0,2,0,0.0,25.359400011538497,2,128,best_attack/data/attack_byte_correlation/df/1000/statistical_results.csv,1000,statistical_results.csv,1000,SubBytesOutput-Byte-Corr-Nm1000-Weight
4,16,4,16,0,2,0,0.0,32.0,2,128,best_attack/data/attack_byte_correlation/df/1000/statistical_results.csv,1000,statistical_results.csv,1000,SubBytesOutput-Byte-Corr-Nm1000-Weight
5,16,5,16,0,2,0,0.0,37.1508495181978,2,128,best_attack/data/attack_byte_correlation/df/1000/statistical_results.csv,1000,statistical_results.csv,1000,SubBytesOutput-Byte-Corr-Nm1000-Weight
10,16,10,16,0,2,0,0.0,53.1508495181978,2,128,best_attack/data/attack_byte_correlation/df/1000/statistical_results.csv,1000,statistical_results.csv,1000,SubBytesOutput-Byte-Corr-Nm1000-Weight
20,16,20,16,0,2,0,0.0,69.1508495181978,2,128,best_attack/data/attack_byte_correlation/df/1000/statistical_results.csv,1000,statistical_results.csv,1000,SubBytesOutput-Byte-Corr-Nm1000-Weight
25,16,25,16,0,2,0,0.0,74.30169903639559,2,128,best_attack/data/attack_byte_correlation/df/1000/statistical_results.csv,1000,statistical_results.csv,1000,SubBytesOutput-Byte-Corr-Nm1000-Weight
30,16,30,16,0,2,0,0.0,78.5102495297363,2,128,best_attack/data/attack_byte_correlation/df/1000/statistical_results.csv,1000,statistical_results.csv,1000,SubBytesOutput-Byte-Corr-Nm1000-Weight
25,16,25,16,0,2,0,0.0,74.30169903639559,2,128,best_attack/data/attack_byte_correlation/df/500/statistical_results.csv,500,statistical_results.csv,500,SubBytesOutput-Byte-Corr-Nm500-Weight
20,16,20,16,0,2,0,0.0,69.1508495181978,2,128,best_attack/data/attack_byte_correlation/df/500/statistical_results.csv,500,statistical_results.csv,500,SubBytesOutput-Byte-Corr-Nm500-Weight
10,16,10,16,0,2,0,0.0,53.1508495181978,2,128,best_attack/data/attack_byte_correlation/df/500/statistical_results.csv,500,statistical_results.csv,500,SubBytesOutput-Byte-Corr-Nm500-Weight
5,16,5,16,0,2,0,0.0,37.1508495181978,2,128,best_attack/data/attack_byte_correlation/df/500/statistical_results.csv,500,statistical_results.csv,500,SubBytesOutput-Byte-Corr-Nm500-Weight
3,16,3,16,0,2,0,0.0,25.359400011538497,2,128,best_attack/data/attack_byte_correlation/df/400/statistical_results.csv,400,statistical_results.csv,400,SubBytesOutput-Byte-Corr-Nm400-Weight
4,16,4,16,0,2,0,0.0,32.0,2,128,best_attack/data/attack_byte_correlation/df/400/statistical_results.csv,400,statistical_results.csv,400,SubBytesOutput-Byte-Corr-Nm400-Weight
5,16,5,16,0,2,0,0.0,37.1508495181978,2,128,best_attack/data/attack_byte_correlation/df/400/statistical_results.csv,400,statistical_results.csv,400,SubBytesOutput-Byte-Corr-Nm400-Weight
10,16,10,16,0,2,0,0.0,53.1508495181978,2,128,best_attack/data/attack_byte_correlation/df/400/statistical_results.csv,400,statistical_results.csv,400,SubBytesOutput-Byte-Corr-Nm400-Weight
20,16,20,16,0,2,0,0.0,69.1508495181978,2,128,best_attack/data/attack_byte_correlation/df/400/statistical_results.csv,400,statistical_results.csv,400,SubBytesOutput-Byte-Corr-Nm400-Weight
25,16,25,16,0,2,0,0.0,74.30169903639559,2,128,best_attack/data/attack_byte_correlation/df/400/statistical_results.csv,400,statistical_results.csv,400,SubBytesOutput-Byte-Corr-Nm400-Weight
30,16,30,16,0,2,0,0.0,78.5102495297363,2,128,best_attack/data/attack_byte_correlation/df/400/statistical_results.csv,400,statistical_results.csv,400,SubBytesOutput-Byte-Corr-Nm400-Weight
50,16,50,16,0,2,0,0.0,90.3016990363956,2,128,best_attack/data/attack_byte_correlation/df/400/statistical_results.csv,400,statistical_results.csv,400,SubBytesOutput-Byte-Corr-Nm400-Weight
100,16,100,16,0,2,0,0.0,106.3016990363956,2,128,best_attack/data/attack_byte_correlation/df/400/statistical_results.csv,400,statistical_results.csv,400,SubBytesOutput-Byte-Corr-Nm400-Weight
1,3,1,3,13,2,104,0.0,104.0,2,128,attack_SubBytes/data/attack_byte_correlation/df/500/statistical_results.csv,500,statistical_results.csv,500,SubBytesInput-Byte-Corr-Nm500-Weight
2,8,2,8,8,2,64,0.0,72.0,2,128,attack_SubBytes/data/attack_byte_correlation/df/500/statistical_results.csv,500,statistical_results.csv,500,SubBytesInput-Byte-Corr-Nm500-Weight
1,16,1,16,0,2,0,0.0,0.0,2,128,best_attack/data/attack_byte_correlation/df/400/statistical_results.csv,400,statistical_results.csv,400,SubBytesOutput-Byte-Corr-Nm400-Weight
3,11,3,11,5,2,40,0.0,57.43458750793272,2,128,attack_SubBytes/data/attack_byte_correlation/df/500/statistical_results.csv,500,statistical_results.csv,500,SubBytesInput-Byte-Corr-Nm500-Weight
5,12,5,12,4,2,32,0.0,59.86313713864835,2,128,attack_SubBytes/data/attack_byte_correlation/df/500/statistical_results.csv,500,statistical_results.csv,500,SubBytesInput-Byte-Corr-Nm500-Weight
10,12,10,12,4,2,32,0.0,71.86313713864834,2,128,attack_SubBytes/data/attack_byte_correlation/df/500/statistical_results.csv,500,statistical_results.csv,500,SubBytesInput-Byte-Corr-Nm500-Weight
20,14,20,14,2,2,16,0.0,76.50699332842308,2,128,attack_SubBytes/data/attack_byte_correlation/df/500/statistical_results.csv,500,statistical_results.csv,500,SubBytesInput-Byte-Corr-Nm500-Weight
25,14,25,14,2,2,16,0.0,81.01398665684614,2,128,attack_SubBytes/data/attack_byte_correlation/df/500/statistical_results.csv,500,statistical_results.csv,500,SubBytesInput-Byte-Corr-Nm500-Weight
30,14,30,14,2,2,16,0.0,84.69646833851927,2,128,attack_SubBytes/data/attack_byte_correlation/df/500/statistical_results.csv,500,statistical_results.csv,500,SubBytesInput-Byte-Corr-Nm500-Weight
50,15,50,15,1,2,8,0.0,92.65784284662088,2,128,attack_SubBytes/data/attack_byte_correlation/df/500/statistical_results.csv,500,statistical_results.csv,500,SubBytesInput-Byte-Corr-Nm500-Weight
100,16,100,16,0,2,0,0.0,106.3016990363956,2,128,attack_SubBytes/data/attack_byte_correlation/df/500/statistical_results.csv,500,statistical_results.csv,500,SubBytesInput-Byte-Corr-Nm500-Weight
1,16,1,16,0,2,0,0.0,0.0,2,128,best_attack/data/attack_byte_correlation/df/500/statistical_results.csv,500,statistical_results.csv,500,SubBytesOutput-Byte-Corr-Nm500-Weight
2,16,2,16,0,2,0,0.0,16.0,2,128,best_attack/data/attack_byte_correlation/df/500/statistical_results.csv,500,statistical_results.csv,500,SubBytesOutput-Byte-Corr-Nm500-Weight
3,16,3,16,0,2,0,0.0,25.359400011538497,2,128,best_attack/data/attack_byte_correlation/df/500/statistical_results.csv,500,statistical_results.csv,500,SubBytesOutput-Byte-Corr-Nm500-Weight
4,16,4,16,0,2,0,0.0,32.0,2,128,best_attack/data/attack_byte_correlation/df/500/statistical_results.csv,500,statistical_results.csv,500,SubBytesOutput-Byte-Corr-Nm500-Weight
4,12,4,12,4,2,32,0.0,56.0,2,128,attack_SubBytes/data/attack_byte_correlation/df/500/statistical_results.csv,500,statistical_results.csv,500,SubBytesInput-Byte-Corr-Nm500-Weight
1,2,1,2,14,2,112,0.0,112.0,2,128,attack_SubBytes/data/attack_byte_correlation/df/200/statistical_results.csv,200,statistical_results.csv,200,SubBytesInput-Byte-Corr-Nm200-Weight
100,16,100,16,0,2,0,0.0,106.3016990363956,2,128,best_attack/data/attack_byte_correlation/df/1000/statistical_results.csv,1000,statistical_results.csv,1000,SubBytesOutput-Byte-Corr-Nm1000-Weight
100,14,100,14,2,2,16,0.0,109.01398665684614,2,128,attack_SubBytes/data/attack_byte_correlation/df/100/statistical_results.csv,100,statistical_results.csv,100,SubBytesInput-Byte-Corr-Nm100-Weight
4,16,4,16,0,2,0,0.0,32.0,2,128,best_attack/data/attack_byte_correlation/df/100/statistical_results.csv,100,statistical_results.csv,100,SubBytesOutput-Byte-Corr-Nm100-Weight
3,16,3,16,0,2,0,0.0,25.359400011538497,2,128,best_attack/data/attack_byte_correlation/df/100/statistical_results.csv,100,statistical_results.csv,100,SubBytesOutput-Byte-Corr-Nm100-Weight
2,16,2,16,0,2,0,0.0,16.0,2,128,best_attack/data/attack_byte_correlation/df/100/statistical_results.csv,100,statistical_results.csv,100,SubBytesOutput-Byte-Corr-Nm100-Weight
1,16,1,16,0,2,0,0.0,0.0,2,128,best_attack/data/attack_byte_correlation/df/100/statistical_results.csv,100,statistical_results.csv,100,SubBytesOutput-Byte-Corr-Nm100-Weight
50,11,50,11,5,2,40,0.0,102.08241808752196,2,128,attack_SubBytes/data/attack_byte_correlation/df/100/statistical_results.csv,100,statistical_results.csv,100,SubBytesInput-Byte-Corr-Nm100-Weight
30,7,30,7,9,2,72,0.0,106.34823416925964,2,128,attack_SubBytes/data/attack_byte_correlation/df/100/statistical_results.csv,100,statistical_results.csv,100,SubBytesInput-Byte-Corr-Nm100-Weight
10,16,10,16,0,2,0,0.0,53.1508495181978,2,128,best_attack/data/attack_byte_correlation/df/100/statistical_results.csv,100,statistical_results.csv,100,SubBytesOutput-Byte-Corr-Nm100-Weight
25,7,25,7,9,2,72,0.0,104.50699332842308,2,128,attack_SubBytes/data/attack_byte_correlation/df/100/statistical_results.csv,100,statistical_results.csv,100,SubBytesInput-Byte-Corr-Nm100-Weight
10,4,10,4,12,2,96,0.0,109.28771237954945,2,128,attack_SubBytes/data/attack_byte_correlation/df/100/statistical_results.csv,100,statistical_results.csv,100,SubBytesInput-Byte-Corr-Nm100-Weight
5,3,5,3,13,2,104,0.0,110.96578428466208,2,128,attack_SubBytes/data/attack_byte_correlation/df/100/statistical_results.csv,100,statistical_results.csv,100,SubBytesInput-Byte-Corr-Nm100-Weight
4,3,4,3,13,2,104,0.0,110.0,2,128,attack_SubBytes/data/attack_byte_correlation/df/100/statistical_results.csv,100,statistical_results.csv,100,SubBytesInput-Byte-Corr-Nm100-Weight
3,3,3,3,13,2,104,0.0,108.75488750216348,2,128,attack_SubBytes/data/attack_byte_correlation/df/100/statistical_results.csv,100,statistical_results.csv,100,SubBytesInput-Byte-Corr-Nm100-Weight
2,3,2,3,13,2,104,0.0,107.0,2,128,attack_SubBytes/data/attack_byte_correlation/df/100/statistical_results.csv,100,statistical_results.csv,100,SubBytesInput-Byte-Corr-Nm100-Weight
1,2,1,2,14,2,112,0.0,112.0,2,128,attack_SubBytes/data/attack_byte_correlation/df/100/statistical_results.csv,100,statistical_results.csv,100,SubBytesInput-Byte-Corr-Nm100-Weight
20,6,20,6,10,2,80,0.0,105.93156856932418,2,128,attack_SubBytes/data/attack_byte_correlation/df/100/statistical_results.csv,100,statistical_results.csv,100,SubBytesInput-Byte-Corr-Nm100-Weight
20,16,20,16,0,2,0,0.0,69.1508495181978,2,128,best_attack/data/attack_byte_correlation/df/100/statistical_results.csv,100,statistical_results.csv,100,SubBytesOutput-Byte-Corr-Nm100-Weight
5,16,5,16,0,2,0,0.0,37.1508495181978,2,128,best_attack/data/attack_byte_correlation/df/100/statistical_results.csv,100,statistical_results.csv,100,SubBytesOutput-Byte-Corr-Nm100-Weight
30,16,30,16,0,2,0,0.0,78.5102495297363,2,128,best_attack/data/attack_byte_correlation/df/100/statistical_results.csv,100,statistical_results.csv,100,SubBytesOutput-Byte-Corr-Nm100-Weight
25,16,25,16,0,2,0,0.0,74.30169903639559,2,128,best_attack/data/attack_byte_correlation/df/100/statistical_results.csv,100,statistical_results.csv,100,SubBytesOutput-Byte-Corr-Nm100-Weight
100,16,100,16,0,2,0,0.0,106.3016990363956,2,128,best_attack/data/attack_byte_correlation/df/100/statistical_results.csv,100,statistical_results.csv,100,SubBytesOutput-Byte-Corr-Nm100-Weight
50,16,50,16,0,2,0,0.0,90.3016990363956,2,128,best_attack/data/attack_byte_correlation/df/100/statistical_results.csv,100,statistical_results.csv,100,SubBytesOutput-Byte-Corr-Nm100-Weight
1,16,1,16,0,2,0,2.0,0.0,2,128,attack_bit/data/attack_bit_corr/df/1000/statistical_results_frequent.csv,1000,statistical_results_frequent.csv,1000,SubBytesOutput-Bit-Corr-Nm1000-Freq
1,16,1,16,0,2,0,2.0,0.0,2,128,attack_bit/data/attack_bit_corr/df/500/statistical_results_weighted.csv,500,statistical_results_weighted.csv,500,SubBytesOutput-Bit-Corr-Nm500-Weight
1,16,1,16,0,2,0,2.0,0.0,2,128,attack_bit/data/attack_bit_mean/df/1000/statistical_results.csv,1000,statistical_results.csv,1000,SubBytesOutput-Bit-Mean-Nm1000-Weight
1,16,1,16,0,2,0,2.0,0.0,2,128,attack_bit/data/attack_bit_mean/df/1000/statistical_results_frequent.csv,1000,statistical_results_frequent.csv,1000,SubBytesOutput-Bit-Mean-Nm1000-Freq
1,16,1,16,0,2,0,2.0,0.0,2,128,attack_bit/data/attack_bit_mean/df/500/statistical_results.csv,500,statistical_results.csv,500,SubBytesOutput-Bit-Mean-Nm500-Weight
1,16,1,16,0,2,0,2.0,0.0,2,128,attack_bit/data/attack_bit_corr/df/1000/statistical_results_weighted.csv,1000,statistical_results_weighted.csv,1000,SubBytesOutput-Bit-Corr-Nm1000-Weight
1,15,1,15,1,2,8,257.0,8.0,2,128,attack_bit/data/attack_bit_corr/df/400/statistical_results_weighted.csv,400,statistical_results_weighted.csv,400,SubBytesOutput-Bit-Corr-Nm400-Weight
1,15,1,15,1,2,8,257.0,8.0,2,128,attack_bit/data/attack_bit_mean/df/400/statistical_results.csv,400,statistical_results.csv,400,SubBytesOutput-Bit-Mean-Nm400-Weight
2,16,2,16,0,2,0,65537.0,16.0,2,128,attack_bit/data/attack_bit_corr/df/500/statistical_results_weighted.csv,500,statistical_results_weighted.csv,500,SubBytesOutput-Bit-Corr-Nm500-Weight
2,16,2,16,0,2,0,65537.0,16.0,2,128,attack_bit/data/attack_bit_mean/df/500/statistical_results.csv,500,statistical_results.csv,500,SubBytesOutput-Bit-Mean-Nm500-Weight
2,16,2,16,0,2,0,65537.0,16.0,2,128,attack_bit/data/attack_bit_corr/df/400/statistical_results_weighted.csv,400,statistical_results_weighted.csv,400,SubBytesOutput-Bit-Corr-Nm400-Weight
2,16,2,16,0,2,0,65537.0,16.0,2,128,attack_bit/data/attack_bit_corr/df/1000/statistical_results_frequent.csv,1000,statistical_results_frequent.csv,1000,SubBytesOutput-Bit-Corr-Nm1000-Freq
2,16,2,16,0,2,0,65537.0,16.0,2,128,attack_bit/data/attack_bit_mean/df/400/statistical_results.csv,400,statistical_results.csv,400,SubBytesOutput-Bit-Mean-Nm400-Weight
2,16,2,16,0,2,0,65537.0,16.0,2,128,attack_bit/data/attack_bit_corr/df/1000/statistical_results_weighted.csv,1000,statistical_results_weighted.csv,1000,SubBytesOutput-Bit-Corr-Nm1000-Weight
2,16,2,16,0,2,0,65537.0,16.0,2,128,attack_bit/data/attack_bit_mean/df/1000/statistical_results.csv,1000,statistical_results.csv,1000,SubBytesOutput-Bit-Mean-Nm1000-Weight
2,16,2,16,0,2,0,65537.0,16.0,2,128,attack_bit/data/attack_bit_mean/df/1000/statistical_results_frequent.csv,1000,statistical_results_frequent.csv,1000,SubBytesOutput-Bit-Mean-Nm1000-Freq
2,14,2,14,2,2,16,81920.0,30.0,2,128,attack_bit/data/attack_bit_mean/df/300/statistical_results.csv,300,statistical_results.csv,300,SubBytesOutput-Bit-Mean-Nm300-Weight
2,14,2,14,2,2,16,81920.0,30.0,2,128,attack_bit/data/attack_bit_corr/df/500/statistical_results_frequent.csv,500,statistical_results_frequent.csv,500,SubBytesOutput-Bit-Corr-Nm500-Freq
2,14,2,14,2,2,16,81920.0,30.0,2,128,attack_bit/data/attack_bit_mean/df/500/statistical_results_frequent.csv,500,statistical_results_frequent.csv,500,SubBytesOutput-Bit-Mean-Nm500-Freq
2,14,2,14,2,2,16,81920.0,30.0,2,128,attack_bit/data/attack_bit_corr/df/300/statistical_results_weighted.csv,300,statistical_results_weighted.csv,300,SubBytesOutput-Bit-Corr-Nm300-Weight
3,14,3,14,2,2,16,4848505.0,38.18947501009619,2,128,attack_bit/data/attack_bit_mean/df/500/statistical_results_frequent.csv,500,statistical_results_frequent.csv,500,SubBytesOutput-Bit-Mean-Nm500-Freq
3,14,3,14,2,2,16,4848505.0,38.18947501009619,2,128,attack_bit/data/attack_bit_mean/df/300/statistical_results.csv,300,statistical_results.csv,300,SubBytesOutput-Bit-Mean-Nm300-Weight
3,14,3,14,2,2,16,4848505.0,38.18947501009619,2,128,attack_bit/data/attack_bit_corr/df/300/statistical_results_weighted.csv,300,statistical_results_weighted.csv,300,SubBytesOutput-Bit-Corr-Nm300-Weight
3,14,3,14,2,2,16,4848505.0,38.18947501009619,2,128,attack_bit/data/attack_bit_corr/df/500/statistical_results_frequent.csv,500,statistical_results_frequent.csv,500,SubBytesOutput-Bit-Corr-Nm500-Freq
1,13,1,13,3,2,24,16777217.0,24.0,2,128,attack_bit/data/attack_bit_corr/df/500/statistical_results_frequent.csv,500,statistical_results_frequent.csv,500,SubBytesOutput-Bit-Corr-Nm500-Freq
1,13,1,13,3,2,24,16777217.0,24.0,2,128,attack_bit/data/attack_bit_mean/df/300/statistical_results.csv,300,statistical_results.csv,300,SubBytesOutput-Bit-Mean-Nm300-Weight
1,13,1,13,3,2,24,16777217.0,24.0,2,128,attack_bit/data/attack_bit_mean/df/500/statistical_results_frequent.csv,500,statistical_results_frequent.csv,500,SubBytesOutput-Bit-Mean-Nm500-Freq
1,13,1,13,3,2,24,16777217.0,24.0,2,128,attack_bit/data/attack_bit_corr/df/300/statistical_results_weighted.csv,300,statistical_results_weighted.csv,300,SubBytesOutput-Bit-Corr-Nm300-Weight
3,16,3,16,0,2,0,43046722.0,25.359400011538497,2,128,attack_bit/data/attack_bit_corr/df/500/statistical_results_weighted.csv,500,statistical_results_weighted.csv,500,SubBytesOutput-Bit-Corr-Nm500-Weight
3,16,3,16,0,2,0,43046722.0,25.359400011538497,2,128,attack_bit/data/attack_bit_mean/df/1000/statistical_results_frequent.csv,1000,statistical_results_frequent.csv,1000,SubBytesOutput-Bit-Mean-Nm1000-Freq
3,16,3,16,0,2,0,43046722.0,25.359400011538497,2,128,attack_bit/data/attack_bit_corr/df/1000/statistical_results_weighted.csv,1000,statistical_results_weighted.csv,1000,SubBytesOutput-Bit-Corr-Nm1000-Weight
3,16,3,16,0,2,0,43046722.0,25.359400011538497,2,128,attack_bit/data/attack_bit_mean/df/500/statistical_results.csv,500,statistical_results.csv,500,SubBytesOutput-Bit-Mean-Nm500-Weight
3,16,3,16,0,2,0,43046722.0,25.359400011538497,2,128,attack_bit/data/attack_bit_mean/df/1000/statistical_results.csv,1000,statistical_results.csv,1000,SubBytesOutput-Bit-Mean-Nm1000-Weight
3,16,3,16,0,2,0,43046722.0,25.359400011538497,2,128,attack_bit/data/attack_bit_mean/df/400/statistical_results.csv,400,statistical_results.csv,400,SubBytesOutput-Bit-Mean-Nm400-Weight
3,16,3,16,0,2,0,43046722.0,25.359400011538497,2,128,attack_bit/data/attack_bit_corr/df/400/statistical_results_weighted.csv,400,statistical_results_weighted.csv,400,SubBytesOutput-Bit-Corr-Nm400-Weight
3,16,3,16,0,2,0,43046722.0,25.359400011538497,2,128,attack_bit/data/attack_bit_corr/df/1000/statistical_results_frequent.csv,1000,statistical_results_frequent.csv,1000,SubBytesOutput-Bit-Corr-Nm1000-Freq
4,14,4,14,2,2,16,268500992.0,44.0,2,128,attack_bit/data/attack_bit_corr/df/500/statistical_results_frequent.csv,500,statistical_results_frequent.csv,500,SubBytesOutput-Bit-Corr-Nm500-Freq
4,14,4,14,2,2,16,268500992.0,44.0,2,128,attack_bit/data/attack_bit_corr/df/400/statistical_results_frequent.csv,400,statistical_results_frequent.csv,400,SubBytesOutput-Bit-Corr-Nm400-Freq
4,14,4,14,2,2,16,268500992.0,44.0,2,128,attack_bit/data/attack_bit_mean/df/500/statistical_results_frequent.csv,500,statistical_results_frequent.csv,500,SubBytesOutput-Bit-Mean-Nm500-Freq
4,14,4,14,2,2,16,268500992.0,44.0,2,128,attack_bit/data/attack_bit_mean/df/300/statistical_results.csv,300,statistical_results.csv,300,SubBytesOutput-Bit-Mean-Nm300-Weight
4,14,4,14,2,2,16,268500992.0,44.0,2,128,attack_bit/data/attack_bit_corr/df/300/statistical_results_weighted.csv,300,statistical_results_weighted.csv,300,SubBytesOutput-Bit-Corr-Nm300-Weight
4,14,4,14,2,2,16,268500992.0,44.0,2,128,attack_bit/data/attack_bit_mean/df/400/statistical_results_frequent.csv,400,statistical_results_frequent.csv,400,SubBytesOutput-Bit-Mean-Nm400-Freq
4,16,4,16,0,2,0,4294967297.0,32.0,2,128,attack_bit/data/attack_bit_corr/df/500/statistical_results_weighted.csv,500,statistical_results_weighted.csv,500,SubBytesOutput-Bit-Corr-Nm500-Weight
4,16,4,16,0,2,0,4294967297.0,32.0,2,128,attack_bit/data/attack_bit_corr/df/400/statistical_results_weighted.csv,400,statistical_results_weighted.csv,400,SubBytesOutput-Bit-Corr-Nm400-Weight
4,16,4,16,0,2,0,4294967297.0,32.0,2,128,attack_bit/data/attack_bit_mean/df/1000/statistical_results.csv,1000,statistical_results.csv,1000,SubBytesOutput-Bit-Mean-Nm1000-Weight
4,16,4,16,0,2,0,4294967297.0,32.0,2,128,attack_bit/data/attack_bit_mean/df/1000/statistical_results_frequent.csv,1000,statistical_results_frequent.csv,1000,SubBytesOutput-Bit-Mean-Nm1000-Freq
4,16,4,16,0,2,0,4294967297.0,32.0,2,128,attack_bit/data/attack_bit_corr/df/1000/statistical_results_weighted.csv,1000,statistical_results_weighted.csv,1000,SubBytesOutput-Bit-Corr-Nm1000-Weight
4,16,4,16,0,2,0,4294967297.0,32.0,2,128,attack_bit/data/attack_bit_corr/df/1000/statistical_results_frequent.csv,1000,statistical_results_frequent.csv,1000,SubBytesOutput-Bit-Corr-Nm1000-Freq
4,16,4,16,0,2,0,4294967297.0,32.0,2,128,attack_bit/data/attack_bit_mean/df/500/statistical_results.csv,500,statistical_results.csv,500,SubBytesOutput-Bit-Mean-Nm500-Weight
4,16,4,16,0,2,0,4294967297.0,32.0,2,128,attack_bit/data/attack_bit_mean/df/400/statistical_results.csv,400,statistical_results.csv,400,SubBytesOutput-Bit-Mean-Nm400-Weight
2,12,2,12,4,2,32,4294971392.0,44.0,2,128,attack_bit/data/attack_bit_mean/df/400/statistical_results_frequent.csv,400,statistical_results_frequent.csv,400,SubBytesOutput-Bit-Mean-Nm400-Freq
2,12,2,12,4,2,32,4294971392.0,44.0,2,128,attack_bit/data/attack_bit_corr/df/400/statistical_results_frequent.csv,400,statistical_results_frequent.csv,400,SubBytesOutput-Bit-Corr-Nm400-Freq
3,12,3,12,4,2,32,4295498737.0,51.01955000865387,2,128,attack_bit/data/attack_bit_mean/df/400/statistical_results_frequent.csv,400,statistical_results_frequent.csv,400,SubBytesOutput-Bit-Mean-Nm400-Freq
3,12,3,12,4,2,32,4295498737.0,51.01955000865387,2,128,attack_bit/data/attack_bit_corr/df/400/statistical_results_frequent.csv,400,statistical_results_frequent.csv,400,SubBytesOutput-Bit-Corr-Nm400-Freq
5,14,5,14,2,2,16,6103581161.0,48.50699332842307,2,128,attack_bit/data/attack_bit_corr/df/400/statistical_results_frequent.csv,400,statistical_results_frequent.csv,400,SubBytesOutput-Bit-Corr-Nm400-Freq
5,14,5,14,2,2,16,6103581161.0,48.50699332842307,2,128,attack_bit/data/attack_bit_mean/df/400/statistical_results_frequent.csv,400,statistical_results_frequent.csv,400,SubBytesOutput-Bit-Mean-Nm400-Freq
5,14,5,14,2,2,16,6103581161.0,48.50699332842307,2,128,attack_bit/data/attack_bit_corr/df/500/statistical_results_frequent.csv,500,statistical_results_frequent.csv,500,SubBytesOutput-Bit-Corr-Nm500-Freq
5,14,5,14,2,2,16,6103581161.0,48.50699332842307,2,128,attack_bit/data/attack_bit_mean/df/500/statistical_results_frequent.csv,500,statistical_results_frequent.csv,500,SubBytesOutput-Bit-Mean-Nm500-Freq
5,14,5,14,2,2,16,6103581161.0,48.50699332842307,2,128,attack_bit/data/attack_bit_mean/df/300/statistical_results.csv,300,statistical_results.csv,300,SubBytesOutput-Bit-Mean-Nm300-Weight
5,14,5,14,2,2,16,6103581161.0,48.50699332842307,2,128,attack_bit/data/attack_bit_corr/df/300/statistical_results_weighted.csv,300,statistical_results_weighted.csv,300,SubBytesOutput-Bit-Corr-Nm300-Weight
5,16,5,16,0,2,0,152587890626.0,37.1508495181978,2,128,attack_bit/data/attack_bit_corr/df/1000/statistical_results_frequent.csv,1000,statistical_results_frequent.csv,1000,SubBytesOutput-Bit-Corr-Nm1000-Freq
5,16,5,16,0,2,0,152587890626.0,37.1508495181978,2,128,attack_bit/data/attack_bit_mean/df/1000/statistical_results.csv,1000,statistical_results.csv,1000,SubBytesOutput-Bit-Mean-Nm1000-Weight
5,16,5,16,0,2,0,152587890626.0,37.1508495181978,2,128,attack_bit/data/attack_bit_corr/df/500/statistical_results_weighted.csv,500,statistical_results_weighted.csv,500,SubBytesOutput-Bit-Corr-Nm500-Weight
5,16,5,16,0,2,0,152587890626.0,37.1508495181978,2,128,attack_bit/data/attack_bit_mean/df/500/statistical_results.csv,500,statistical_results.csv,500,SubBytesOutput-Bit-Mean-Nm500-Weight
5,16,5,16,0,2,0,152587890626.0,37.1508495181978,2,128,attack_bit/data/attack_bit_mean/df/1000/statistical_results_frequent.csv,1000,statistical_results_frequent.csv,1000,SubBytesOutput-Bit-Mean-Nm1000-Freq
5,16,5,16,0,2,0,152587890626.0,37.1508495181978,2,128,attack_bit/data/attack_bit_mean/df/400/statistical_results.csv,400,statistical_results.csv,400,SubBytesOutput-Bit-Mean-Nm400-Weight
5,16,5,16,0,2,0,152587890626.0,37.1508495181978,2,128,attack_bit/data/attack_bit_corr/df/400/statistical_results_weighted.csv,400,statistical_results_weighted.csv,400,SubBytesOutput-Bit-Corr-Nm400-Weight
5,16,5,16,0,2,0,152587890626.0,37.1508495181978,2,128,attack_bit/data/attack_bit_corr/df/1000/statistical_results_weighted.csv,1000,statistical_results_weighted.csv,1000,SubBytesOutput-Bit-Corr-Nm1000-Weight
10,12,10,12,4,2,32,1004294967296.0,71.86313713864834,2,128,attack_bit/data/attack_bit_mean/df/200/statistical_results.csv,200,statistical_results.csv,200,SubBytesOutput-Bit-Mean-Nm200-Weight
10,12,10,12,4,2,32,1004294967296.0,71.86313713864834,2,128,attack_bit/data/attack_bit_corr/df/300/statistical_results_frequent.csv,300,statistical_results_frequent.csv,300,SubBytesOutput-Bit-Corr-Nm300-Freq
1,11,1,11,5,2,40,1099511627777.0,40.0,2,128,attack_bit/data/attack_bit_mean/df/400/statistical_results_frequent.csv,400,statistical_results_frequent.csv,400,SubBytesOutput-Bit-Mean-Nm400-Freq
1,11,1,11,5,2,40,1099511627777.0,40.0,2,128,attack_bit/data/attack_bit_corr/df/400/statistical_results_frequent.csv,400,statistical_results_frequent.csv,400,SubBytesOutput-Bit-Corr-Nm400-Freq
10,13,10,13,3,2,24,10000016777216.0,67.18506523353571,2,128,attack_bit/data/attack_bit_corr/df/200/statistical_results_weighted.csv,200,statistical_results_weighted.csv,200,SubBytesOutput-Bit-Corr-Nm200-Weight
10,13,10,13,3,2,24,10000016777216.0,67.18506523353571,2,128,attack_bit/data/attack_bit_mean/df/300/statistical_results_frequent.csv,300,statistical_results_frequent.csv,300,SubBytesOutput-Bit-Mean-Nm300-Freq
10,14,10,14,2,2,16,100000000065536.0,62.50699332842307,2,128,attack_bit/data/attack_bit_mean/df/300/statistical_results.csv,300,statistical_results.csv,300,SubBytesOutput-Bit-Mean-Nm300-Weight
10,14,10,14,2,2,16,100000000065536.0,62.50699332842307,2,128,attack_bit/data/attack_bit_corr/df/500/statistical_results_frequent.csv,500,statistical_results_frequent.csv,500,SubBytesOutput-Bit-Corr-Nm500-Freq
10,14,10,14,2,2,16,100000000065536.0,62.50699332842307,2,128,attack_bit/data/attack_bit_mean/df/500/statistical_results_frequent.csv,500,statistical_results_frequent.csv,500,SubBytesOutput-Bit-Mean-Nm500-Freq
3,10,3,10,6,2,48,281474976769705.0,63.84962500721156,2,128,attack_bit/data/attack_bit_corr/df/300/statistical_results_frequent.csv,300,statistical_results_frequent.csv,300,SubBytesOutput-Bit-Corr-Nm300-Freq
4,10,4,10,6,2,48,281474977759232.0,68.0,2,128,attack_bit/data/attack_bit_corr/df/300/statistical_results_frequent.csv,300,statistical_results_frequent.csv,300,SubBytesOutput-Bit-Corr-Nm300-Freq
5,10,5,10,6,2,48,281474986476281.0,71.21928094887362,2,128,attack_bit/data/attack_bit_corr/df/300/statistical_results_frequent.csv,300,statistical_results_frequent.csv,300,SubBytesOutput-Bit-Corr-Nm300-Freq
30,10,30,10,6,2,48,871964976710656.0,97.0689059560852,2,128,attack_bit/data/attack_bit_mean/df/200/statistical_results_frequent.csv,200,statistical_results_frequent.csv,200,SubBytesOutput-Bit-Mean-Nm200-Freq
30,10,30,10,6,2,48,871964976710656.0,97.0689059560852,2,128,attack_bit/data/attack_bit_corr/df/200/statistical_results_frequent.csv,200,statistical_results_frequent.csv,200,SubBytesOutput-Bit-Corr-Nm200-Freq
10,15,10,15,1,2,8,1000000000000256.0,57.82892142331043,2,128,attack_bit/data/attack_bit_corr/df/300/statistical_results_weighted.csv,300,statistical_results_weighted.csv,300,SubBytesOutput-Bit-Corr-Nm300-Weight
20,12,20,12,4,2,32,4096004294967296.0,83.86313713864836,2,128,attack_bit/data/attack_bit_corr/df/300/statistical_results_frequent.csv,300,statistical_results_frequent.csv,300,SubBytesOutput-Bit-Corr-Nm300-Freq
10,16,10,16,0,2,0,1e+16,53.1508495181978,2,128,attack_bit/data/attack_bit_mean/df/500/statistical_results.csv,500,statistical_results.csv,500,SubBytesOutput-Bit-Mean-Nm500-Weight
10,16,10,16,0,2,0,1e+16,53.1508495181978,2,128,attack_bit/data/attack_bit_corr/df/500/statistical_results_weighted.csv,500,statistical_results_weighted.csv,500,SubBytesOutput-Bit-Corr-Nm500-Weight
10,16,10,16,0,2,0,1e+16,53.1508495181978,2,128,attack_bit/data/attack_bit_mean/df/400/statistical_results.csv,400,statistical_results.csv,400,SubBytesOutput-Bit-Mean-Nm400-Weight
10,16,10,16,0,2,0,1e+16,53.1508495181978,2,128,attack_bit/data/attack_bit_mean/df/400/statistical_results_frequent.csv,400,statistical_results_frequent.csv,400,SubBytesOutput-Bit-Mean-Nm400-Freq
10,16,10,16,0,2,0,1e+16,53.1508495181978,2,128,attack_bit/data/attack_bit_corr/df/1000/statistical_results_weighted.csv,1000,statistical_results_weighted.csv,1000,SubBytesOutput-Bit-Corr-Nm1000-Weight
10,16,10,16,0,2,0,1e+16,53.1508495181978,2,128,attack_bit/data/attack_bit_corr/df/1000/statistical_results_frequent.csv,1000,statistical_results_frequent.csv,1000,SubBytesOutput-Bit-Corr-Nm1000-Freq
10,16,10,16,0,2,0,1e+16,53.1508495181978,2,128,attack_bit/data/attack_bit_corr/df/400/statistical_results_weighted.csv,400,statistical_results_weighted.csv,400,SubBytesOutput-Bit-Corr-Nm400-Weight
10,16,10,16,0,2,0,1e+16,53.1508495181978,2,128,attack_bit/data/attack_bit_mean/df/1000/statistical_results_frequent.csv,1000,statistical_results_frequent.csv,1000,SubBytesOutput-Bit-Mean-Nm1000-Freq
10,16,10,16,0,2,0,1e+16,53.1508495181978,2,128,attack_bit/data/attack_bit_corr/df/400/statistical_results_frequent.csv,400,statistical_results_frequent.csv,400,SubBytesOutput-Bit-Corr-Nm400-Freq
10,16,10,16,0,2,0,1e+16,53.1508495181978,2,128,attack_bit/data/attack_bit_mean/df/1000/statistical_results.csv,1000,statistical_results.csv,1000,SubBytesOutput-Bit-Mean-Nm1000-Weight
25,12,25,12,4,2,32,5.960464907035792e+16,87.7262742772967,2,128,attack_bit/data/attack_bit_corr/df/300/statistical_results_frequent.csv,300,statistical_results_frequent.csv,300,SubBytesOutput-Bit-Corr-Nm300-Freq
2,9,2,9,7,2,56,7.205759403792845e+16,65.0,2,128,attack_bit/data/attack_bit_corr/df/300/statistical_results_frequent.csv,300,statistical_results_frequent.csv,300,SubBytesOutput-Bit-Corr-Nm300-Freq
3,9,3,9,7,2,56,7.205759403794763e+16,70.26466250649041,2,128,attack_bit/data/attack_bit_mean/df/300/statistical_results_frequent.csv,300,statistical_results_frequent.csv,300,SubBytesOutput-Bit-Mean-Nm300-Freq
4,9,4,9,7,2,56,7.205759403819008e+16,74.0,2,128,attack_bit/data/attack_bit_corr/df/200/statistical_results_weighted.csv,200,statistical_results_weighted.csv,200,SubBytesOutput-Bit-Corr-Nm200-Weight
4,9,4,9,7,2,56,7.205759403819008e+16,74.0,2,128,attack_bit/data/attack_bit_mean/df/300/statistical_results_frequent.csv,300,statistical_results_frequent.csv,300,SubBytesOutput-Bit-Mean-Nm300-Freq
4,9,4,9,7,2,56,7.205759403819008e+16,74.0,2,128,attack_bit/data/attack_bit_mean/df/200/statistical_results.csv,200,statistical_results.csv,200,SubBytesOutput-Bit-Mean-Nm200-Weight
5,9,5,9,7,2,56,7.205759403988106e+16,76.89735285398626,2,128,attack_bit/data/attack_bit_corr/df/200/statistical_results_weighted.csv,200,statistical_results_weighted.csv,200,SubBytesOutput-Bit-Corr-Nm200-Weight
5,9,5,9,7,2,56,7.205759403988106e+16,76.89735285398626,2,128,attack_bit/data/attack_bit_mean/df/300/statistical_results_frequent.csv,300,statistical_results_frequent.csv,300,SubBytesOutput-Bit-Mean-Nm300-Freq
5,9,5,9,7,2,56,7.205759403988106e+16,76.89735285398626,2,128,attack_bit/data/attack_bit_mean/df/200/statistical_results.csv,200,statistical_results.csv,200,SubBytesOutput-Bit-Mean-Nm200-Weight
50,9,50,9,7,2,56,7.401071903792794e+16,106.79470570797253,2,128,attack_bit/data/attack_bit_corr/df/100/statistical_results_weighted.csv,100,statistical_results_weighted.csv,100,SubBytesOutput-Bit-Corr-Nm100-Weight
20,13,20,13,3,2,24,8.192000001677722e+16,80.18506523353571,2,128,attack_bit/data/attack_bit_mean/df/300/statistical_results_frequent.csv,300,statistical_results_frequent.csv,300,SubBytesOutput-Bit-Mean-Nm300-Freq
50,10,50,10,6,2,48,9.793772497671064e+16,104.43856189774723,2,128,attack_bit/data/attack_bit_mean/df/100/statistical_results.csv,100,statistical_results.csv,100,SubBytesOutput-Bit-Mean-Nm100-Weight
30,12,30,12,4,2,32,5.314410042949673e+17,90.88268714730222,2,128,attack_bit/data/attack_bit_corr/df/300/statistical_results_frequent.csv,300,statistical_results_frequent.csv,300,SubBytesOutput-Bit-Corr-Nm300-Freq
100,9,100,9,7,2,56,1.072057594037928e+18,115.79470570797253,2,128,attack_bit/data/attack_bit_mean/df/100/statistical_results_frequent.csv,100,statistical_results_frequent.csv,100,SubBytesOutput-Bit-Mean-Nm100-Freq
25,13,25,13,3,2,24,1.490116119401543e+18,84.37013046707142,2,128,attack_bit/data/attack_bit_mean/df/300/statistical_results_frequent.csv,300,statistical_results_frequent.csv,300,SubBytesOutput-Bit-Mean-Nm300-Freq
20,14,20,14,2,2,16,1.6384000000000655e+18,76.50699332842308,2,128,attack_bit/data/attack_bit_mean/df/200/statistical_results.csv,200,statistical_results.csv,200,SubBytesOutput-Bit-Mean-Nm200-Weight
20,14,20,14,2,2,16,1.6384000000000655e+18,76.50699332842308,2,128,attack_bit/data/attack_bit_corr/df/200/statistical_results_weighted.csv,200,statistical_results_weighted.csv,200,SubBytesOutput-Bit-Corr-Nm200-Weight
20,14,20,14,2,2,16,1.6384000000000655e+18,76.50699332842308,2,128,attack_bit/data/attack_bit_corr/df/500/statistical_results_frequent.csv,500,statistical_results_frequent.csv,500,SubBytesOutput-Bit-Corr-Nm500-Freq
20,14,20,14,2,2,16,1.6384000000000655e+18,76.50699332842308,2,128,attack_bit/data/attack_bit_mean/df/500/statistical_results_frequent.csv,500,statistical_results_frequent.csv,500,SubBytesOutput-Bit-Mean-Nm500-Freq
50,11,50,11,5,2,40,4.882813599511628e+18,102.08241808752196,2,128,attack_bit/data/attack_bit_corr/df/200/statistical_results_frequent.csv,200,statistical_results_frequent.csv,200,SubBytesOutput-Bit-Corr-Nm200-Freq
50,11,50,11,5,2,40,4.882813599511628e+18,102.08241808752196,2,128,attack_bit/data/attack_bit_mean/df/200/statistical_results_frequent.csv,200,statistical_results_frequent.csv,200,SubBytesOutput-Bit-Mean-Nm200-Freq
30,13,30,13,3,2,24,1.5943230000016775e+19,87.78957774291075,2,128,attack_bit/data/attack_bit_mean/df/300/statistical_results_frequent.csv,300,statistical_results_frequent.csv,300,SubBytesOutput-Bit-Mean-Nm300-Freq
2,8,2,8,8,2,64,1.8446744073709552e+19,72.0,2,128,attack_bit/data/attack_bit_mean/df/300/statistical_results_frequent.csv,300,statistical_results_frequent.csv,300,SubBytesOutput-Bit-Mean-Nm300-Freq
3,8,3,8,8,2,64,1.844674407370956e+19,76.67970000576925,2,128,attack_bit/data/attack_bit_corr/df/200/statistical_results_weighted.csv,200,statistical_results_weighted.csv,200,SubBytesOutput-Bit-Corr-Nm200-Weight
3,8,3,8,8,2,64,1.844674407370956e+19,76.67970000576925,2,128,attack_bit/data/attack_bit_mean/df/200/statistical_results.csv,200,statistical_results.csv,200,SubBytesOutput-Bit-Mean-Nm200-Weight
20,8,20,8,8,2,64,1.844674409930955e+19,98.5754247590989,2,128,attack_bit/data/attack_bit_corr/df/200/statistical_results_frequent.csv,200,statistical_results_frequent.csv,200,SubBytesOutput-Bit-Corr-Nm200-Freq
20,8,20,8,8,2,64,1.844674409930955e+19,98.5754247590989,2,128,attack_bit/data/attack_bit_mean/df/200/statistical_results_frequent.csv,200,statistical_results_frequent.csv,200,SubBytesOutput-Bit-Mean-Nm200-Freq
25,8,25,8,8,2,64,1.844674422629744e+19,101.1508495181978,2,128,attack_bit/data/attack_bit_corr/df/200/statistical_results_frequent.csv,200,statistical_results_frequent.csv,200,SubBytesOutput-Bit-Corr-Nm200-Freq
25,8,25,8,8,2,64,1.844674422629744e+19,101.1508495181978,2,128,attack_bit/data/attack_bit_mean/df/200/statistical_results_frequent.csv,200,statistical_results_frequent.csv,200,SubBytesOutput-Bit-Mean-Nm200-Freq
30,8,30,8,8,2,64,1.844674472980955e+19,103.25512476486816,2,128,attack_bit/data/attack_bit_corr/df/100/statistical_results_weighted.csv,100,statistical_results_weighted.csv,100,SubBytesOutput-Bit-Corr-Nm100-Weight
25,14,25,14,2,2,16,3.7252902984619205e+19,81.01398665684614,2,128,attack_bit/data/attack_bit_mean/df/500/statistical_results_frequent.csv,500,statistical_results_frequent.csv,500,SubBytesOutput-Bit-Mean-Nm500-Freq
25,14,25,14,2,2,16,3.7252902984619205e+19,81.01398665684614,2,128,attack_bit/data/attack_bit_mean/df/200/statistical_results.csv,200,statistical_results.csv,200,SubBytesOutput-Bit-Mean-Nm200-Weight
25,14,25,14,2,2,16,3.7252902984619205e+19,81.01398665684614,2,128,attack_bit/data/attack_bit_corr/df/500/statistical_results_frequent.csv,500,statistical_results_frequent.csv,500,SubBytesOutput-Bit-Corr-Nm500-Freq
100,10,100,10,6,2,48,1.0000028147497673e+20,114.43856189774723,2,128,attack_bit/data/attack_bit_corr/df/100/statistical_results_frequent.csv,100,statistical_results_frequent.csv,100,SubBytesOutput-Bit-Corr-Nm100-Freq
50,12,50,12,4,2,32,2.4414062500429496e+20,99.7262742772967,2,128,attack_bit/data/attack_bit_corr/df/300/statistical_results_frequent.csv,300,statistical_results_frequent.csv,300,SubBytesOutput-Bit-Corr-Nm300-Freq
20,16,20,16,0,2,0,6.5536e+20,69.1508495181978,2,128,attack_bit/data/attack_bit_mean/df/1000/statistical_results.csv,1000,statistical_results.csv,1000,SubBytesOutput-Bit-Mean-Nm1000-Weight
20,16,20,16,0,2,0,6.5536e+20,69.1508495181978,2,128,attack_bit/data/attack_bit_corr/df/300/statistical_results_weighted.csv,300,statistical_results_weighted.csv,300,SubBytesOutput-Bit-Corr-Nm300-Weight
20,16,20,16,0,2,0,6.5536e+20,69.1508495181978,2,128,attack_bit/data/attack_bit_corr/df/500/statistical_results_weighted.csv,500,statistical_results_weighted.csv,500,SubBytesOutput-Bit-Corr-Nm500-Weight
20,16,20,16,0,2,0,6.5536e+20,69.1508495181978,2,128,attack_bit/data/attack_bit_mean/df/500/statistical_results.csv,500,statistical_results.csv,500,SubBytesOutput-Bit-Mean-Nm500-Weight
20,16,20,16,0,2,0,6.5536e+20,69.1508495181978,2,128,attack_bit/data/attack_bit_mean/df/300/statistical_results.csv,300,statistical_results.csv,300,SubBytesOutput-Bit-Mean-Nm300-Weight
20,16,20,16,0,2,0,6.5536e+20,69.1508495181978,2,128,attack_bit/data/attack_bit_corr/df/400/statistical_results_weighted.csv,400,statistical_results_weighted.csv,400,SubBytesOutput-Bit-Corr-Nm400-Weight
20,16,20,16,0,2,0,6.5536e+20,69.1508495181978,2,128,attack_bit/data/attack_bit_corr/df/1000/statistical_results_weighted.csv,1000,statistical_results_weighted.csv,1000,SubBytesOutput-Bit-Corr-Nm1000-Weight
20,16,20,16,0,2,0,6.5536e+20,69.1508495181978,2,128,attack_bit/data/attack_bit_mean/df/400/statistical_results_frequent.csv,400,statistical_results_frequent.csv,400,SubBytesOutput-Bit-Mean-Nm400-Freq
20,16,20,16,0,2,0,6.5536e+20,69.1508495181978,2,128,attack_bit/data/attack_bit_corr/df/400/statistical_results_frequent.csv,400,statistical_results_frequent.csv,400,SubBytesOutput-Bit-Corr-Nm400-Freq
20,16,20,16,0,2,0,6.5536e+20,69.1508495181978,2,128,attack_bit/data/attack_bit_mean/df/1000/statistical_results_frequent.csv,1000,statistical_results_frequent.csv,1000,SubBytesOutput-Bit-Mean-Nm1000-Freq
20,16,20,16,0,2,0,6.5536e+20,69.1508495181978,2,128,attack_bit/data/attack_bit_mean/df/400/statistical_results.csv,400,statistical_results.csv,400,SubBytesOutput-Bit-Mean-Nm400-Weight
20,16,20,16,0,2,0,6.5536e+20,69.1508495181978,2,128,attack_bit/data/attack_bit_corr/df/1000/statistical_results_frequent.csv,1000,statistical_results_frequent.csv,1000,SubBytesOutput-Bit-Corr-Nm1000-Freq
25,15,25,15,1,2,8,9.313225746154784e+20,77.65784284662087,2,128,attack_bit/data/attack_bit_corr/df/200/statistical_results_weighted.csv,200,statistical_results_weighted.csv,200,SubBytesOutput-Bit-Corr-Nm200-Weight
2,7,2,7,9,2,72,4.7223664828696447e+21,79.0,2,128,attack_bit/data/attack_bit_mean/df/200/statistical_results.csv,200,statistical_results.csv,200,SubBytesOutput-Bit-Mean-Nm200-Weight
1,7,1,7,9,2,72,4.7223664828696447e+21,72.0,2,128,attack_bit/data/attack_bit_mean/df/300/statistical_results_frequent.csv,300,statistical_results_frequent.csv,300,SubBytesOutput-Bit-Mean-Nm300-Freq
1,7,1,7,9,2,72,4.7223664828696447e+21,72.0,2,128,attack_bit/data/attack_bit_corr/df/300/statistical_results_frequent.csv,300,statistical_results_frequent.csv,300,SubBytesOutput-Bit-Corr-Nm300-Freq
2,7,2,7,9,2,72,4.7223664828696447e+21,79.0,2,128,attack_bit/data/attack_bit_corr/df/200/statistical_results_weighted.csv,200,statistical_results_weighted.csv,200,SubBytesOutput-Bit-Corr-Nm200-Weight
10,7,10,7,9,2,72,4.722366482869656e+21,95.25349666421154,2,128,attack_bit/data/attack_bit_mean/df/200/statistical_results_frequent.csv,200,statistical_results_frequent.csv,200,SubBytesOutput-Bit-Mean-Nm200-Freq
10,7,10,7,9,2,72,4.722366482869656e+21,95.25349666421154,2,128,attack_bit/data/attack_bit_corr/df/200/statistical_results_frequent.csv,200,statistical_results_frequent.csv,200,SubBytesOutput-Bit-Corr-Nm200-Freq
30,7,30,7,9,2,72,4.722366482891515e+21,106.34823416925964,2,128,attack_bit/data/attack_bit_mean/df/100/statistical_results.csv,100,statistical_results.csv,100,SubBytesOutput-Bit-Mean-Nm100-Weight
50,7,50,7,9,2,72,4.722366483650895e+21,111.50699332842308,2,128,attack_bit/data/attack_bit_corr/df/100/statistical_results_frequent.csv,100,statistical_results_frequent.csv,100,SubBytesOutput-Bit-Corr-Nm100-Freq
100,11,100,11,5,2,40,1.0000000001099512e+22,113.08241808752196,2,128,attack_bit/data/attack_bit_corr/df/200/statistical_results_frequent.csv,200,statistical_results_frequent.csv,200,SubBytesOutput-Bit-Corr-Nm200-Freq
100,11,100,11,5,2,40,1.0000000001099512e+22,113.08241808752196,2,128,attack_bit/data/attack_bit_mean/df/200/statistical_results_frequent.csv,200,statistical_results_frequent.csv,200,SubBytesOutput-Bit-Mean-Nm200-Freq
50,13,50,13,3,2,24,1.2207031250000015e+22,97.37013046707142,2,128,attack_bit/data/attack_bit_mean/df/300/statistical_results_frequent.csv,300,statistical_results_frequent.csv,300,SubBytesOutput-Bit-Mean-Nm300-Freq
30,15,30,15,1,2,8,1.4348907e+22,81.60335893412778,2,128,attack_bit/data/attack_bit_mean/df/500/statistical_results_frequent.csv,500,statistical_results_frequent.csv,500,SubBytesOutput-Bit-Mean-Nm500-Freq
30,15,30,15,1,2,8,1.4348907e+22,81.60335893412778,2,128,attack_bit/data/attack_bit_corr/df/500/statistical_results_frequent.csv,500,statistical_results_frequent.csv,500,SubBytesOutput-Bit-Corr-Nm500-Freq
30,15,30,15,1,2,8,1.4348907e+22,81.60335893412778,2,128,attack_bit/data/attack_bit_mean/df/200/statistical_results.csv,200,statistical_results.csv,200,SubBytesOutput-Bit-Mean-Nm200-Weight
30,15,30,15,1,2,8,1.4348907e+22,81.60335893412778,2,128,attack_bit/data/attack_bit_corr/df/200/statistical_results_weighted.csv,200,statistical_results_weighted.csv,200,SubBytesOutput-Bit-Corr-Nm200-Weight
25,16,25,16,0,2,0,2.328306436538696e+22,74.30169903639559,2,128,attack_bit/data/attack_bit_mean/df/500/statistical_results.csv,500,statistical_results.csv,500,SubBytesOutput-Bit-Mean-Nm500-Weight
25,16,25,16,0,2,0,2.328306436538696e+22,74.30169903639559,2,128,attack_bit/data/attack_bit_corr/df/1000/statistical_results_frequent.csv,1000,statistical_results_frequent.csv,1000,SubBytesOutput-Bit-Corr-Nm1000-Freq
25,16,25,16,0,2,0,2.328306436538696e+22,74.30169903639559,2,128,attack_bit/data/attack_bit_corr/df/400/statistical_results_weighted.csv,400,statistical_results_weighted.csv,400,SubBytesOutput-Bit-Corr-Nm400-Weight
25,16,25,16,0,2,0,2.328306436538696e+22,74.30169903639559,2,128,attack_bit/data/attack_bit_mean/df/1000/statistical_results_frequent.csv,1000,statistical_results_frequent.csv,1000,SubBytesOutput-Bit-Mean-Nm1000-Freq
25,16,25,16,0,2,0,2.328306436538696e+22,74.30169903639559,2,128,attack_bit/data/attack_bit_corr/df/500/statistical_results_weighted.csv,500,statistical_results_weighted.csv,500,SubBytesOutput-Bit-Corr-Nm500-Weight
25,16,25,16,0,2,0,2.328306436538696e+22,74.30169903639559,2,128,attack_bit/data/attack_bit_corr/df/300/statistical_results_weighted.csv,300,statistical_results_weighted.csv,300,SubBytesOutput-Bit-Corr-Nm300-Weight
25,16,25,16,0,2,0,2.328306436538696e+22,74.30169903639559,2,128,attack_bit/data/attack_bit_mean/df/400/statistical_results.csv,400,statistical_results.csv,400,SubBytesOutput-Bit-Mean-Nm400-Weight
25,16,25,16,0,2,0,2.328306436538696e+22,74.30169903639559,2,128,attack_bit/data/attack_bit_mean/df/1000/statistical_results.csv,1000,statistical_results.csv,1000,SubBytesOutput-Bit-Mean-Nm1000-Weight
25,16,25,16,0,2,0,2.328306436538696e+22,74.30169903639559,2,128,attack_bit/data/attack_bit_mean/df/300/statistical_results.csv,300,statistical_results.csv,300,SubBytesOutput-Bit-Mean-Nm300-Weight
25,16,25,16,0,2,0,2.328306436538696e+22,74.30169903639559,2,128,attack_bit/data/attack_bit_corr/df/400/statistical_results_frequent.csv,400,statistical_results_frequent.csv,400,SubBytesOutput-Bit-Corr-Nm400-Freq
25,16,25,16,0,2,0,2.328306436538696e+22,74.30169903639559,2,128,attack_bit/data/attack_bit_corr/df/1000/statistical_results_weighted.csv,1000,statistical_results_weighted.csv,1000,SubBytesOutput-Bit-Corr-Nm1000-Weight
25,16,25,16,0,2,0,2.328306436538696e+22,74.30169903639559,2,128,attack_bit/data/attack_bit_mean/df/400/statistical_results_frequent.csv,400,statistical_results_frequent.csv,400,SubBytesOutput-Bit-Mean-Nm400-Freq
30,16,30,16,0,2,0,4.3046721e+23,78.5102495297363,2,128,attack_bit/data/attack_bit_mean/df/500/statistical_results.csv,500,statistical_results.csv,500,SubBytesOutput-Bit-Mean-Nm500-Weight
30,16,30,16,0,2,0,4.3046721e+23,78.5102495297363,2,128,attack_bit/data/attack_bit_mean/df/1000/statistical_results_frequent.csv,1000,statistical_results_frequent.csv,1000,SubBytesOutput-Bit-Mean-Nm1000-Freq
30,16,30,16,0,2,0,4.3046721e+23,78.5102495297363,2,128,attack_bit/data/attack_bit_mean/df/400/statistical_results_frequent.csv,400,statistical_results_frequent.csv,400,SubBytesOutput-Bit-Mean-Nm400-Freq
30,16,30,16,0,2,0,4.3046721e+23,78.5102495297363,2,128,attack_bit/data/attack_bit_mean/df/400/statistical_results.csv,400,statistical_results.csv,400,SubBytesOutput-Bit-Mean-Nm400-Weight
30,16,30,16,0,2,0,4.3046721e+23,78.5102495297363,2,128,attack_bit/data/attack_bit_corr/df/1000/statistical_results_weighted.csv,1000,statistical_results_weighted.csv,1000,SubBytesOutput-Bit-Corr-Nm1000-Weight
30,16,30,16,0,2,0,4.3046721e+23,78.5102495297363,2,128,attack_bit/data/attack_bit_mean/df/300/statistical_results.csv,300,statistical_results.csv,300,SubBytesOutput-Bit-Mean-Nm300-Weight
30,16,30,16,0,2,0,4.3046721e+23,78.5102495297363,2,128,attack_bit/data/attack_bit_corr/df/400/statistical_results_weighted.csv,400,statistical_results_weighted.csv,400,SubBytesOutput-Bit-Corr-Nm400-Weight
30,16,30,16,0,2,0,4.3046721e+23,78.5102495297363,2,128,attack_bit/data/attack_bit_corr/df/300/statistical_results_weighted.csv,300,statistical_results_weighted.csv,300,SubBytesOutput-Bit-Corr-Nm300-Weight
30,16,30,16,0,2,0,4.3046721e+23,78.5102495297363,2,128,attack_bit/data/attack_bit_corr/df/1000/statistical_results_frequent.csv,1000,statistical_results_frequent.csv,1000,SubBytesOutput-Bit-Corr-Nm1000-Freq
30,16,30,16,0,2,0,4.3046721e+23,78.5102495297363,2,128,attack_bit/data/attack_bit_mean/df/1000/statistical_results.csv,1000,statistical_results.csv,1000,SubBytesOutput-Bit-Mean-Nm1000-Weight
30,16,30,16,0,2,0,4.3046721e+23,78.5102495297363,2,128,attack_bit/data/attack_bit_corr/df/500/statistical_results_weighted.csv,500,statistical_results_weighted.csv,500,SubBytesOutput-Bit-Corr-Nm500-Weight
30,16,30,16,0,2,0,4.3046721e+23,78.5102495297363,2,128,attack_bit/data/attack_bit_corr/df/400/statistical_results_frequent.csv,400,statistical_results_frequent.csv,400,SubBytesOutput-Bit-Corr-Nm400-Freq
1,6,1,6,10,2,80,1.2089258196146292e+24,80.0,2,128,attack_bit/data/attack_bit_mean/df/200/statistical_results.csv,200,statistical_results.csv,200,SubBytesOutput-Bit-Mean-Nm200-Weight
20,6,20,6,10,2,80,1.2089258196146292e+24,105.93156856932418,2,128,attack_bit/data/attack_bit_mean/df/100/statistical_results.csv,100,statistical_results.csv,100,SubBytesOutput-Bit-Mean-Nm100-Weight
1,6,1,6,10,2,80,1.2089258196146292e+24,80.0,2,128,attack_bit/data/attack_bit_corr/df/200/statistical_results_weighted.csv,200,statistical_results_weighted.csv,200,SubBytesOutput-Bit-Corr-Nm200-Weight
25,6,25,6,10,2,80,1.2089258196146294e+24,107.86313713864834,2,128,attack_bit/data/attack_bit_corr/df/100/statistical_results_weighted.csv,100,statistical_results_weighted.csv,100,SubBytesOutput-Bit-Corr-Nm100-Weight
25,6,25,6,10,2,80,1.2089258196146294e+24,107.86313713864834,2,128,attack_bit/data/attack_bit_mean/df/100/statistical_results.csv,100,statistical_results.csv,100,SubBytesOutput-Bit-Mean-Nm100-Weight
30,6,30,6,10,2,80,1.20892581961463e+24,109.44134357365112,2,128,attack_bit/data/attack_bit_corr/df/100/statistical_results_frequent.csv,100,statistical_results_frequent.csv,100,SubBytesOutput-Bit-Corr-Nm100-Freq
50,6,50,6,10,2,80,1.2089258196146447e+24,113.86313713864834,2,128,attack_bit/data/attack_bit_mean/df/100/statistical_results_frequent.csv,100,statistical_results_frequent.csv,100,SubBytesOutput-Bit-Mean-Nm100-Freq
50,15,50,15,1,2,8,3.0517578125e+25,92.65784284662088,2,128,attack_bit/data/attack_bit_mean/df/200/statistical_results.csv,200,statistical_results.csv,200,SubBytesOutput-Bit-Mean-Nm200-Weight
50,15,50,15,1,2,8,3.0517578125e+25,92.65784284662088,2,128,attack_bit/data/attack_bit_corr/df/200/statistical_results_weighted.csv,200,statistical_results_weighted.csv,200,SubBytesOutput-Bit-Corr-Nm200-Weight
100,13,100,13,3,2,24,1e+26,110.37013046707142,2,128,attack_bit/data/attack_bit_corr/df/300/statistical_results_frequent.csv,300,statistical_results_frequent.csv,300,SubBytesOutput-Bit-Corr-Nm300-Freq
100,13,100,13,3,2,24,1e+26,110.37013046707142,2,128,attack_bit/data/attack_bit_mean/df/100/statistical_results.csv,100,statistical_results.csv,100,SubBytesOutput-Bit-Mean-Nm100-Weight
3,5,3,5,11,2,88,3.0948500982134503e+26,95.92481250360578,2,128,attack_bit/data/attack_bit_corr/df/200/statistical_results_frequent.csv,200,statistical_results_frequent.csv,200,SubBytesOutput-Bit-Corr-Nm200-Freq
10,5,10,5,11,2,88,3.0948500982134503e+26,104.60964047443682,2,128,attack_bit/data/attack_bit_mean/df/100/statistical_results.csv,100,statistical_results.csv,100,SubBytesOutput-Bit-Mean-Nm100-Weight
4,5,4,5,11,2,88,3.0948500982134503e+26,98.0,2,128,attack_bit/data/attack_bit_corr/df/200/statistical_results_frequent.csv,200,statistical_results_frequent.csv,200,SubBytesOutput-Bit-Corr-Nm200-Freq
30,5,30,5,11,2,88,3.0948500982134503e+26,112.5344529780426,2,128,attack_bit/data/attack_bit_mean/df/100/statistical_results_frequent.csv,100,statistical_results_frequent.csv,100,SubBytesOutput-Bit-Mean-Nm100-Freq
5,5,5,5,11,2,88,3.0948500982134503e+26,99.60964047443682,2,128,attack_bit/data/attack_bit_corr/df/200/statistical_results_frequent.csv,200,statistical_results_frequent.csv,200,SubBytesOutput-Bit-Corr-Nm200-Freq
3,5,3,5,11,2,88,3.0948500982134503e+26,95.92481250360578,2,128,attack_bit/data/attack_bit_mean/df/200/statistical_results_frequent.csv,200,statistical_results_frequent.csv,200,SubBytesOutput-Bit-Mean-Nm200-Freq
4,5,4,5,11,2,88,3.0948500982134503e+26,98.0,2,128,attack_bit/data/attack_bit_mean/df/200/statistical_results_frequent.csv,200,statistical_results_frequent.csv,200,SubBytesOutput-Bit-Mean-Nm200-Freq
5,5,5,5,11,2,88,3.0948500982134503e+26,99.60964047443682,2,128,attack_bit/data/attack_bit_mean/df/200/statistical_results_frequent.csv,200,statistical_results_frequent.csv,200,SubBytesOutput-Bit-Mean-Nm200-Freq
20,5,20,5,11,2,88,3.0948500982134503e+26,109.60964047443682,2,128,attack_bit/data/attack_bit_corr/df/100/statistical_results_weighted.csv,100,statistical_results_weighted.csv,100,SubBytesOutput-Bit-Corr-Nm100-Weight
10,5,10,5,11,2,88,3.0948500982134503e+26,104.60964047443682,2,128,attack_bit/data/attack_bit_corr/df/100/statistical_results_weighted.csv,100,statistical_results_weighted.csv,100,SubBytesOutput-Bit-Corr-Nm100-Weight
50,16,50,16,0,2,0,1.52587890625e+27,90.3016990363956,2,128,attack_bit/data/attack_bit_corr/df/500/statistical_results_frequent.csv,500,statistical_results_frequent.csv,500,SubBytesOutput-Bit-Corr-Nm500-Freq
50,16,50,16,0,2,0,1.52587890625e+27,90.3016990363956,2,128,attack_bit/data/attack_bit_corr/df/500/statistical_results_weighted.csv,500,statistical_results_weighted.csv,500,SubBytesOutput-Bit-Corr-Nm500-Weight
50,16,50,16,0,2,0,1.52587890625e+27,90.3016990363956,2,128,attack_bit/data/attack_bit_mean/df/400/statistical_results.csv,400,statistical_results.csv,400,SubBytesOutput-Bit-Mean-Nm400-Weight
50,16,50,16,0,2,0,1.52587890625e+27,90.3016990363956,2,128,attack_bit/data/attack_bit_mean/df/500/statistical_results_frequent.csv,500,statistical_results_frequent.csv,500,SubBytesOutput-Bit-Mean-Nm500-Freq
50,16,50,16,0,2,0,1.52587890625e+27,90.3016990363956,2,128,attack_bit/data/attack_bit_corr/df/400/statistical_results_frequent.csv,400,statistical_results_frequent.csv,400,SubBytesOutput-Bit-Corr-Nm400-Freq
50,16,50,16,0,2,0,1.52587890625e+27,90.3016990363956,2,128,attack_bit/data/attack_bit_mean/df/1000/statistical_results_frequent.csv,1000,statistical_results_frequent.csv,1000,SubBytesOutput-Bit-Mean-Nm1000-Freq
50,16,50,16,0,2,0,1.52587890625e+27,90.3016990363956,2,128,attack_bit/data/attack_bit_corr/df/1000/statistical_results_weighted.csv,1000,statistical_results_weighted.csv,1000,SubBytesOutput-Bit-Corr-Nm1000-Weight
50,16,50,16,0,2,0,1.52587890625e+27,90.3016990363956,2,128,attack_bit/data/attack_bit_mean/df/500/statistical_results.csv,500,statistical_results.csv,500,SubBytesOutput-Bit-Mean-Nm500-Weight
50,16,50,16,0,2,0,1.52587890625e+27,90.3016990363956,2,128,attack_bit/data/attack_bit_corr/df/400/statistical_results_weighted.csv,400,statistical_results_weighted.csv,400,SubBytesOutput-Bit-Corr-Nm400-Weight
50,16,50,16,0,2,0,1.52587890625e+27,90.3016990363956,2,128,attack_bit/data/attack_bit_mean/df/300/statistical_results.csv,300,statistical_results.csv,300,SubBytesOutput-Bit-Mean-Nm300-Weight
50,16,50,16,0,2,0,1.52587890625e+27,90.3016990363956,2,128,attack_bit/data/attack_bit_corr/df/300/statistical_results_weighted.csv,300,statistical_results_weighted.csv,300,SubBytesOutput-Bit-Corr-Nm300-Weight
50,16,50,16,0,2,0,1.52587890625e+27,90.3016990363956,2,128,attack_bit/data/attack_bit_mean/df/1000/statistical_results.csv,1000,statistical_results.csv,1000,SubBytesOutput-Bit-Mean-Nm1000-Weight
50,16,50,16,0,2,0,1.52587890625e+27,90.3016990363956,2,128,attack_bit/data/attack_bit_corr/df/1000/statistical_results_frequent.csv,1000,statistical_results_frequent.csv,1000,SubBytesOutput-Bit-Corr-Nm1000-Freq
50,16,50,16,0,2,0,1.52587890625e+27,90.3016990363956,2,128,attack_bit/data/attack_bit_mean/df/400/statistical_results_frequent.csv,400,statistical_results_frequent.csv,400,SubBytesOutput-Bit-Mean-Nm400-Freq
100,14,100,14,2,2,16,1e+28,109.01398665684614,2,128,attack_bit/data/attack_bit_mean/df/300/statistical_results_frequent.csv,300,statistical_results_frequent.csv,300,SubBytesOutput-Bit-Mean-Nm300-Freq
100,14,100,14,2,2,16,1e+28,109.01398665684614,2,128,attack_bit/data/attack_bit_corr/df/100/statistical_results_weighted.csv,100,statistical_results_weighted.csv,100,SubBytesOutput-Bit-Corr-Nm100-Weight
2,4,2,4,12,2,96,7.922816251426434e+28,100.0,2,128,attack_bit/data/attack_bit_corr/df/200/statistical_results_frequent.csv,200,statistical_results_frequent.csv,200,SubBytesOutput-Bit-Corr-Nm200-Freq
2,4,2,4,12,2,96,7.922816251426434e+28,100.0,2,128,attack_bit/data/attack_bit_mean/df/200/statistical_results_frequent.csv,200,statistical_results_frequent.csv,200,SubBytesOutput-Bit-Mean-Nm200-Freq
4,4,4,4,12,2,96,7.922816251426434e+28,104.0,2,128,attack_bit/data/attack_bit_corr/df/100/statistical_results_weighted.csv,100,statistical_results_weighted.csv,100,SubBytesOutput-Bit-Corr-Nm100-Weight
5,4,5,4,12,2,96,7.922816251426434e+28,105.28771237954945,2,128,attack_bit/data/attack_bit_corr/df/100/statistical_results_weighted.csv,100,statistical_results_weighted.csv,100,SubBytesOutput-Bit-Corr-Nm100-Weight
3,4,3,4,12,2,96,7.922816251426434e+28,102.33985000288462,2,128,attack_bit/data/attack_bit_corr/df/100/statistical_results_weighted.csv,100,statistical_results_weighted.csv,100,SubBytesOutput-Bit-Corr-Nm100-Weight
2,4,2,4,12,2,96,7.922816251426434e+28,100.0,2,128,attack_bit/data/attack_bit_mean/df/100/statistical_results.csv,100,statistical_results.csv,100,SubBytesOutput-Bit-Mean-Nm100-Weight
5,4,5,4,12,2,96,7.922816251426434e+28,105.28771237954945,2,128,attack_bit/data/attack_bit_mean/df/100/statistical_results.csv,100,statistical_results.csv,100,SubBytesOutput-Bit-Mean-Nm100-Weight
3,4,3,4,12,2,96,7.922816251426434e+28,102.33985000288462,2,128,attack_bit/data/attack_bit_mean/df/100/statistical_results.csv,100,statistical_results.csv,100,SubBytesOutput-Bit-Mean-Nm100-Weight
4,4,4,4,12,2,96,7.922816251426434e+28,104.0,2,128,attack_bit/data/attack_bit_mean/df/100/statistical_results.csv,100,statistical_results.csv,100,SubBytesOutput-Bit-Mean-Nm100-Weight
100,15,100,15,1,2,8,1e+30,107.65784284662088,2,128,attack_bit/data/attack_bit_mean/df/200/statistical_results.csv,200,statistical_results.csv,200,SubBytesOutput-Bit-Mean-Nm200-Weight
100,15,100,15,1,2,8,1e+30,107.65784284662088,2,128,attack_bit/data/attack_bit_corr/df/200/statistical_results_weighted.csv,200,statistical_results_weighted.csv,200,SubBytesOutput-Bit-Corr-Nm200-Weight
1,3,1,3,13,2,104,2.028240960365167e+31,104.0,2,128,attack_bit/data/attack_bit_corr/df/200/statistical_results_frequent.csv,200,statistical_results_frequent.csv,200,SubBytesOutput-Bit-Corr-Nm200-Freq
20,3,20,3,13,2,104,2.028240960365167e+31,116.96578428466208,2,128,attack_bit/data/attack_bit_corr/df/100/statistical_results_frequent.csv,100,statistical_results_frequent.csv,100,SubBytesOutput-Bit-Corr-Nm100-Freq
25,3,25,3,13,2,104,2.028240960365167e+31,117.93156856932416,2,128,attack_bit/data/attack_bit_corr/df/100/statistical_results_frequent.csv,100,statistical_results_frequent.csv,100,SubBytesOutput-Bit-Corr-Nm100-Freq
1,3,1,3,13,2,104,2.028240960365167e+31,104.0,2,128,attack_bit/data/attack_bit_mean/df/200/statistical_results_frequent.csv,200,statistical_results_frequent.csv,200,SubBytesOutput-Bit-Mean-Nm200-Freq
2,3,2,3,13,2,104,2.028240960365167e+31,107.0,2,128,attack_bit/data/attack_bit_corr/df/100/statistical_results_weighted.csv,100,statistical_results_weighted.csv,100,SubBytesOutput-Bit-Corr-Nm100-Weight
100,16,100,16,0,2,0,1e+32,106.3016990363956,2,128,attack_bit/data/attack_bit_mean/df/1000/statistical_results.csv,1000,statistical_results.csv,1000,SubBytesOutput-Bit-Mean-Nm1000-Weight
100,16,100,16,0,2,0,1e+32,106.3016990363956,2,128,attack_bit/data/attack_bit_corr/df/300/statistical_results_weighted.csv,300,statistical_results_weighted.csv,300,SubBytesOutput-Bit-Corr-Nm300-Weight
100,16,100,16,0,2,0,1e+32,106.3016990363956,2,128,attack_bit/data/attack_bit_corr/df/1000/statistical_results_weighted.csv,1000,statistical_results_weighted.csv,1000,SubBytesOutput-Bit-Corr-Nm1000-Weight
100,16,100,16,0,2,0,1e+32,106.3016990363956,2,128,attack_bit/data/attack_bit_mean/df/500/statistical_results.csv,500,statistical_results.csv,500,SubBytesOutput-Bit-Mean-Nm500-Weight
100,16,100,16,0,2,0,1e+32,106.3016990363956,2,128,attack_bit/data/attack_bit_mean/df/500/statistical_results_frequent.csv,500,statistical_results_frequent.csv,500,SubBytesOutput-Bit-Mean-Nm500-Freq
100,16,100,16,0,2,0,1e+32,106.3016990363956,2,128,attack_bit/data/attack_bit_mean/df/1000/statistical_results_frequent.csv,1000,statistical_results_frequent.csv,1000,SubBytesOutput-Bit-Mean-Nm1000-Freq
100,16,100,16,0,2,0,1e+32,106.3016990363956,2,128,attack_bit/data/attack_bit_corr/df/1000/statistical_results_frequent.csv,1000,statistical_results_frequent.csv,1000,SubBytesOutput-Bit-Corr-Nm1000-Freq
100,16,100,16,0,2,0,1e+32,106.3016990363956,2,128,attack_bit/data/attack_bit_corr/df/500/statistical_results_weighted.csv,500,statistical_results_weighted.csv,500,SubBytesOutput-Bit-Corr-Nm500-Weight
100,16,100,16,0,2,0,1e+32,106.3016990363956,2,128,attack_bit/data/attack_bit_corr/df/500/statistical_results_frequent.csv,500,statistical_results_frequent.csv,500,SubBytesOutput-Bit-Corr-Nm500-Freq
100,16,100,16,0,2,0,1e+32,106.3016990363956,2,128,attack_bit/data/attack_bit_mean/df/400/statistical_results.csv,400,statistical_results.csv,400,SubBytesOutput-Bit-Mean-Nm400-Weight
100,16,100,16,0,2,0,1e+32,106.3016990363956,2,128,attack_bit/data/attack_bit_corr/df/400/statistical_results_frequent.csv,400,statistical_results_frequent.csv,400,SubBytesOutput-Bit-Corr-Nm400-Freq
100,16,100,16,0,2,0,1e+32,106.3016990363956,2,128,attack_bit/data/attack_bit_corr/df/400/statistical_results_weighted.csv,400,statistical_results_weighted.csv,400,SubBytesOutput-Bit-Corr-Nm400-Weight
100,16,100,16,0,2,0,1e+32,106.3016990363956,2,128,attack_bit/data/attack_bit_mean/df/400/statistical_results_frequent.csv,400,statistical_results_frequent.csv,400,SubBytesOutput-Bit-Mean-Nm400-Freq
100,16,100,16,0,2,0,1e+32,106.3016990363956,2,128,attack_bit/data/attack_bit_mean/df/300/statistical_results.csv,300,statistical_results.csv,300,SubBytesOutput-Bit-Mean-Nm300-Weight
10,2,10,2,14,2,112,5.192296858534828e+33,118.64385618977472,2,128,attack_bit/data/attack_bit_corr/df/100/statistical_results_frequent.csv,100,statistical_results_frequent.csv,100,SubBytesOutput-Bit-Corr-Nm100-Freq
25,2,25,2,14,2,112,5.192296858534828e+33,121.28771237954945,2,128,attack_bit/data/attack_bit_mean/df/100/statistical_results_frequent.csv,100,statistical_results_frequent.csv,100,SubBytesOutput-Bit-Mean-Nm100-Freq
20,2,20,2,14,2,112,5.192296858534828e+33,120.64385618977472,2,128,attack_bit/data/attack_bit_mean/df/100/statistical_results_frequent.csv,100,statistical_results_frequent.csv,100,SubBytesOutput-Bit-Mean-Nm100-Freq
1,1,1,1,15,2,120,1.329227995784916e+36,120.0,2,128,attack_bit/data/attack_bit_corr/df/100/statistical_results_weighted.csv,100,statistical_results_weighted.csv,100,SubBytesOutput-Bit-Corr-Nm100-Weight
10,1,10,1,15,2,120,1.329227995784916e+36,123.32192809488735,2,128,attack_bit/data/attack_bit_mean/df/100/statistical_results_frequent.csv,100,statistical_results_frequent.csv,100,SubBytesOutput-Bit-Mean-Nm100-Freq
5,1,5,1,15,2,120,1.329227995784916e+36,122.32192809488735,2,128,attack_bit/data/attack_bit_corr/df/100/statistical_results_frequent.csv,100,statistical_results_frequent.csv,100,SubBytesOutput-Bit-Corr-Nm100-Freq
4,1,4,1,15,2,120,1.329227995784916e+36,122.0,2,128,attack_bit/data/attack_bit_corr/df/100/statistical_results_frequent.csv,100,statistical_results_frequent.csv,100,SubBytesOutput-Bit-Corr-Nm100-Freq
3,1,3,1,15,2,120,1.329227995784916e+36,121.58496250072116,2,128,attack_bit/data/attack_bit_corr/df/100/statistical_results_frequent.csv,100,statistical_results_frequent.csv,100,SubBytesOutput-Bit-Corr-Nm100-Freq
2,1,2,1,15,2,120,1.329227995784916e+36,121.0,2,128,attack_bit/data/attack_bit_corr/df/100/statistical_results_frequent.csv,100,statistical_results_frequent.csv,100,SubBytesOutput-Bit-Corr-Nm100-Freq
1,1,1,1,15,2,120,1.329227995784916e+36,120.0,2,128,attack_bit/data/attack_bit_mean/df/100/statistical_results.csv,100,statistical_results.csv,100,SubBytesOutput-Bit-Mean-Nm100-Weight
1,0,1,0,16,2,128,3.402823669209385e+38,128.0,2,128,attack_bit/data/attack_bit_mean/df/100/statistical_results_frequent.csv,100,statistical_results_frequent.csv,100,SubBytesOutput-Bit-Mean-Nm100-Freq
2,0,2,0,16,2,128,3.402823669209385e+38,128.0,2,128,attack_bit/data/attack_bit_mean/df/100/statistical_results_frequent.csv,100,statistical_results_frequent.csv,100,SubBytesOutput-Bit-Mean-Nm100-Freq
3,0,3,0,16,2,128,3.402823669209385e+38,128.0,2,128,attack_bit/data/attack_bit_mean/df/100/statistical_results_frequent.csv,100,statistical_results_frequent.csv,100,SubBytesOutput-Bit-Mean-Nm100-Freq
4,0,4,0,16,2,128,3.402823669209385e+38,128.0,2,128,attack_bit/data/attack_bit_mean/df/100/statistical_results_frequent.csv,100,statistical_results_frequent.csv,100,SubBytesOutput-Bit-Mean-Nm100-Freq
5,0,5,0,16,2,128,3.402823669209385e+38,128.0,2,128,attack_bit/data/attack_bit_mean/df/100/statistical_results_frequent.csv,100,statistical_results_frequent.csv,100,SubBytesOutput-Bit-Mean-Nm100-Freq
1,0,1,0,16,2,128,3.402823669209385e+38,128.0,2,128,attack_bit/data/attack_bit_corr/df/100/statistical_results_frequent.csv,100,statistical_results_frequent.csv,100,SubBytesOutput-Bit-Corr-Nm100-Freq
